{"cameraMode":{"drawMode":0,"name":"Shaded","section":"Shading Mode"},"sceneLighting":true,"audioPlay":false,"sceneViewState":{"m_AlwaysRefresh":false,"showFog":true,"showSkybox":true,"showFlares":true,"showImageEffects":true,"showParticleSystems":true,"showVisualEffectGraphs":true,"m_FxEnabled":true},"in2DMode":false,"pivot":{"x":7.521312713623047,"y":-6.167960166931152,"z":-17.309967041015626},"rotation":{"x":-0.041045986115932468,"y":-0.9584794640541077,"z":0.18364876508712769,"w":-0.21422818303108216},"size":12.12435531616211,"orthographic":false}